;sp;;;;;;;;;;;;;;;;;;;;;;;;;;;;;;;;;;;;;;;;;;;;;;;;;;;;;;;;;;;;;;;;;;;;;;;;;;;;;;;;;;;;;;;;;;;;;;;;;;;;;;;;;;;;;
;2020 wurde lediglich das Mahdtransekt evaluiert (dieses hatte 2019 gefehlt);;;;;;;;;;;;;;;;;;;;;;;;;;;;;;;;;;;;;;;;;;;;;;;;;;;;;;;;;;;;;;;;;;;;;;;;;;;;;;;;;;;;;;;;;;;;;;;;;;;;;;;;;;;;;
;Tipp für die nächste Evaluierung: Poa mit Herbarbelgen differenzieren, ebenso Alchemilla;;;;;;;;;;;;;;;;;;;;;;;;;;;;;;;;;;;;;;;;;;;;;;;;;;;;;;;;;;;;;;;;;;;;;;;;;;;;;;;;;;;;;;;;;Calthion bis Niedermoor, ich würde hier noch selektieren auf Calthion (Ordination, Tabellen nach Stetigkeiten sortieren oder einfach Plots mit hoher Abundanz von Nardus raus?);;;;;;;;;;;;;;;;;;;;
;[] = diese Art ist außerhalb des Plotes gewachsen;;;;;;;;;;;;;;;;;;;;;;;;;;;;;;;;;;;;;;;;;;;;;;;;;;;;;;;;;;;;;;;;;;;;;;;;;;;;;;;;;;;;;;;;;Zu den seltenen Arten von Herrn Jehl sind noch Populationsdaten vorhanden;;;;;;;;;;;Das waren die, die wir zusammen gemacht haben;;;;;;;;;
;Skala: Londo, alle Werte bereits in Deckungen, keine Transformation nötig;;;;;;;;;;;;;;;;;;;;;;;;;;;;;;;;;;;;;;;;;;;;;;;;;;;;;;;;;;;;;;;;;;;;;;;;;;;;;;;;;;;;;;;;;;;;;;;;;;;;;;;;;;;;;
;;Carex brizoides plot;;;;;;;;;;;;;;;;;;;;;;;;;;;;;;;;Carex brizoides;;;;;;;;;;;;;;;;;;;;;;;;;;;;;;;;;;;;;;;;;;;;;;;;;;;;;;;;;;;;;;;;;;;Bergmähwiese;;Bergmähwiese;;Bergmähwiese;;Bergmähwiese;;Bergmähwiese;
;Gebiet;Ruckowitzschachten;;Ruckowitzschachten;;Ruckowitzschachten;;Ruckowitzschachten;;Ruckowitzschachten;;Ruckowitzschachten;;Ruckowitzschachten;;Ruckowitzschachten;;Ruckowitzschachten;;Ruckowitzschachten;;Ruckowitzschachten;;Ruckowitzschachten;;Ruckowitzschachten;;Ruckowitzschachten;;Ruckowitzschachten;;Ruckowitzschachten;;Ruckowitzschachten;;Ruckowitzschachten;;Ruckowitzschachten;;Ruckowitzschachten;;Ruckowitzschachten;;Ruckowitzschachten;;Ruckowitzschachten;;Ruckowitzschachten;;Ruckowitzschachten;;Ruckowitzschachten;;Ruckowitzschachten;;Ruckowitzschachten;;Ruckowitzschachten;;Ruckowitzschachten;;Ruckowitzschachten;;Ruckowitzschachten;;Ruckowitzschachten;;Ruckowitzschachten;;Ruckowitzschachten;;Ruckowitzschachten;;Ruckowitzschachten;;Ruckowitzschachten;;Ruckowitzschachten;;Ruckowitzschachten;;Ruckowitzschachten;;Ruckowitzschachten;;Ruckowitzschachten;;Ruckowitzschachten;;Ruckowitzschachten;Ruckowitzschachten;Ruckowitzschachten;Ruckowitzschachten;Ruckowitzschachten;Ruckowitzschachten;Ruckowitzschachten;Ruckowitzschachten;Ruckowitzschachten;Ruckowitzschachten;Ruckowitzschachten;Ruckowitzschachten;;Ruckowitzschachten;;Ruckowitzschachten;;Ruckowitzschachten;;Ruckowitzschachten;
;Plot-ID;1A;;1B;;1C;;1D;;1E;;2A;;2B;;2C;;3A;;3B;;3C;;3D;;3E;;4A;;4B;;4C;;5A;;5B;;5C;;5D;;6A;;6B;;6C;;6D;;7A;;7B;;7C;;7D;;7E;;8A;;8B;;8C;;9A;;9B;;9C;;10A;;10B;;10C;;11;;12A;;12B;;12C;;12D;;12E;;Jehl_1;Jehl_2;Jehl_3;Jehl_4;Jehl_5;Jehl_7;Jehl_8;Jehl_9;Jehl_10;Jehl_11;Jehl_12;11A;;11B;;11C;;11D;;11E;
;DB_Jehl_Aufnahmefläche;913;;914;;915;;916;;917;;918;;919;;920;;921;;922;;923;;924;;925;;926;;927;;928;;929;;930;;931;;932;;933;;934;;935;;936;;937;;938;;939;;940;;941;;942;;943;;944;;945;;946;;947;;948;;949;;950;;;;956;;957;;958;;959;;960;;900;901;902;903;904;906;907;908;909;910;911;;;;;;;;;;
;DB_Jehl_Aufnahme;2726;;2727;;2728;;2729;;2730;;2731;;2732;;2733;;2734;;2735;;2736;;2737;;2738;;2739;;2740;;2741;;2742;;2743;;2744;;2745;;2746;;2747;;2748;;2749;;2750;;2751;;2752;;2753;;2754;;2755;;2756;;2757;;2758;;2759;;2760;;2761;;2762;;2763;;;;2769;;2770;;2771;;2772;;2773;;2774;2775;2776;2777;2778;2780;2781;2782;2783;2784;2785;;;;;;;;;;
;Datum:      ;29.07.2019;;29.07.2019;;29.07.2019;;29.07.2019;;29.07.2019;;29.07.2019;;29.07.2019;;29.07.2019;;29.07.2019;;29.07.2019;;29.07.2019;;29.07.2019;;30.07.2019;;30.07.2019;;30.07.2019;;30.07.2019;;30.07.2019;;30.07.2019;;30.07.2019;;30.07.2019;;30.07.2019;;30.07.2019;;30.07.2019;;30.07.2019;;30.07.2019;;30.07.2019;;30.07.2019;;30.07.2019;;30.07.2019;;31.07.2019;;31.07.2019;;31.07.2019;;31.07.2019;;31.07.2019;;31.07.2019;;31.07.2019;;31.07.2019;;31.07.2019;;31.07.2019;;31.07.2019;;31.07.2019;;31.07.2019;;30.07.2019;;30.07.2019;;22.08.2019;22.08.2019;22.08.2019;22.08.2019;22.08.2019;22.08.2019;22.08.2019;22.08.2019;22.08.2019;22.08.2019;22.08.2019;03.07.2020;;03.07.2020;;03.07.2020;;03.07.2020;;03.07.2020;
;Bearbeiter:;Cornelia Straubinger, Christoph Heibl;;Cornelia Straubinger, Christoph Heibl;;;;Cornelia Straubinger, Christoph Heibl;;Cornelia Straubinger, Christoph Heibl;;Cornelia Straubinger, Christoph Heibl;;Cornelia Straubinger, Christoph Heibl;;Cornelia Straubinger, Christoph Heibl;;Cornelia Straubinger, Christoph Heibl;;Cornelia Straubinger, Christoph Heibl;;Cornelia Straubinger, Christoph Heibl;;Cornelia Straubinger, Christoph Heibl;;Cornelia Straubinger, Christoph Heibl;;Cornelia Straubinger, Christoph Heibl;;Cornelia Straubinger, Christoph Heibl;;Cornelia Straubinger, Christoph Heibl;;Cornelia Straubinger, Christoph Heibl;;Cornelia Straubinger, Christoph Heibl;;Cornelia Straubinger, Christoph Heibl;;Cornelia Straubinger, Christoph Heibl;;Cornelia Straubinger, Christoph Heibl;;Cornelia Straubinger, Christoph Heibl;;Cornelia Straubinger, Christoph Heibl;;Cornelia Straubinger, Christoph Heibl;;Cornelia Straubinger, Christoph Heibl;;Cornelia Straubinger, Christoph Heibl;;Cornelia Straubinger, Christoph Heibl;;Cornelia Straubinger, Christoph Heibl;;Cornelia Straubinger, Christoph Heibl;;Cornelia Straubinger, Christoph Heibl;;Cornelia Straubinger, Christoph Heibl;;Cornelia Straubinger, Christoph Heibl;;Cornelia Straubinger, Christoph Heibl;;Cornelia Straubinger, Christoph Heibl;;Cornelia Straubinger, Christoph Heibl;;Cornelia Straubinger, Christoph Heibl;;Cornelia Straubinger, Christoph Heibl;;Cornelia Straubinger, Christoph Heibl;;Cornelia Straubinger, Christoph Heibl;;Cornelia Straubinger, Christoph Heibl;;Cornelia Straubinger, Christoph Heibl;;Cornelia Straubinger, Christoph Heibl;;Cornelia Straubinger, Christoph Heibl;;Cornelia Straubinger, Christoph Heibl;;Cornelia Straubinger;Cornelia Straubinger;Cornelia Straubinger;Cornelia Straubinger;Cornelia Straubinger;Cornelia Straubinger;Cornelia Straubinger;Cornelia Straubinger;Cornelia Straubinger;Cornelia Straubinger;Cornelia Straubinger;Cornelia Straubinger, Christoph Heibl;;Cornelia Straubinger, Christoph Heibl;;Cornelia Straubinger, Christoph Heibl;;Cornelia Straubinger, Christoph Heibl;;Cornelia Straubinger, Christoph Heibl;
;Flächengröße;4m²;;4m²;;4m²;;4m²;;4m²;;4m²;;4m²;;4m²;;4m²;;4m²;;4m²;;4m²;;4m²;;4m²;;4m²;;4m²;;4m²;;4m²;;4m²;;4m²;;4m²;;4m²;;4m²;;4m²;;4m²;;4m²;;4m²;;4m²;;4m²;;4m²;;4m²;;4m²;;4m²;;4m²;;4m²;;4m²;;4m²;;4m²;;4m²;;4m²;;4m²;;4m²;;4m²;;4m²;;2,5m²;2,5m²;2,5m²;2,5m²;2,5m²;2,5m²;2,5m²;2,5m²;2,5m²;2,5m²;2,5m²;4m²;;4m²;;4m²;;4m²;;4m²;
;Innerhalb der Weide;Ja;;Ja;;Ja;;Ja;;Ja;;Ja;;Ja;;Ja;;Ja;;Ja;;Ja;;Ja;;Ja;;Ja;;Ja;;Ja;;Ja;;Ja;;Ja;;Ja;;Ja;;Ja;;Ja;;Ja;;Ja;;Ja;;Ja;;Ja;;Ja;;Ja;;Ja;;Ja;;Ja;;Ja;;Ja;;Ja;;Ja;;Ja;;Nein;;Nein;;Nein;;Nein;;Nein;;Nein;;Ja;Ja;Ja;Ja;Ja;Nein;Nein;Nein;Nein;Nein;Nein;Nein;;Nein;;Nein;;Nein;;Nein;
;Vegetation inkl. Terrestr. Kryptosg. Gesamt  (%);99;;95;;95;;95;;70;;98;;97;;99;;85;;97;;100;;98;;70;;50;;99;;99;;100;;95;;90;;96;;93;;90;;95;;90;;90;;93;;97;;97;;97;;90;;93;;95;;97;;99;;97;;100;;100;;90;;;;92;;95;;97;;90;;95;;80;95;97;95;95;100;99;100;99;97;100;75;;85;;93;;75;;70;
;Deckung Gefäßpflanzen (ab 2020);;;;;;;;;;;;;;;;;;;;;;;;;;;;;;;;;;;;;;;;;;;;;;;;;;;;;;;;;;;;;;;;;;;;;;;;;;;;;;;;;;;;;;;;;;;;;;;;;;;;70;;85;;;;;;;
;Vegetation Obere  Höhe (cm);40;;90;;95;;70;;65;;90;;93;;77;;65;;75;;100;;115;;40;;65;;90;;109;;40;;75;;67;;68;;88;;95;;72;;78;;73;;65;;67;;73;;95;;73;;74;;93;;58;;85;;82;;97;;104;;110;;;;88;;67;;75;;62;;38;;66;68;55;72;70;66;85;60;65;60;60;73;;72;;74;;72;;84;
;Streu Deckung (%);;;;;;;;;;;;;;;;;;;;;;;;;;;;;;;;;;;;;;;;;;;;;;;;;;;;;;;;;;;;;;;;;;;;;;;;;;;;;;;;;;;;;;;;;5;;1;;;;5;20;;70;3;10;;2;;3;;40;;35;
;Höhe der Streuschicht (cm);6;;3;;3;;1;;1;;3;;10;;3;;3;;2;;5;;5;;6;;0,5;;5;;3;;5;;1;;1;;10;;1;;2;;2;;1;;2;;3;;1,5;;2,5;;4;;1,5;;1;;1;;4;;7;;1,5;;3;;2,5;;5;;;;3;;3;;3;;4;;4;;3;3;4;5;2;4;5;10;5;6;6;1,5;;2;;2;;4;;2;
;Moose Deckung (%);0;;0;;0;;5;;1;;3;;0,5;;0,5;;15;;1;;3;;1;;1;;7;;5;;80;;0;;10;;15;;1;;40;;20;;30;;80;;40;;60;;20;;10;;5;;15;;5;;5;;5;;1;;;;10;;1;;80;;;;0,5;;20;;30;;5;;60;;70;50;90;20;0;50;10;1;3;10;95;10;;5;;15;;2;;0,5;
;Moose Höhe (cm);0;;0;;0;;2;;1;;1;;3;;3;;2;;2;;2;;3;;7;;2;;5;;3;;0;;1;;1;;1;;2;;3;;2;;3;;3;;2;;2;;2;;3;;1;;2;;1;;3;;2;;;;3;;3;;5;;;;1,5;;2,5;;3;;3;;5;;4;7;4;6;0;4;5;3,5;3;6;6;;;4;;3;;2;;1,5;
;Gräser Deckung (%);99;;50;;50;;25;;40;;95;;70;;60;;45;;65;;70;;80;;0,1;;25;;80;;30;;98;;40;;25;;90;;60;;55;;50;;40;;30;;45;;50;;50;;60;;30;;47;;50;;10;;60;;70;;40;;70;;17;;;;47;;30;;25;;30;;0,2;;45;65;60;60;70;70;60;55;50;70;40;39;;25;;50;;35;;35;
;Gräser Höhe (cm);40;;90;;95;;70;;65;;90;;75;;77;;65;;75;;100;;115;;35;;65;;90;;109;;40;;75;;67;;68;;88;;95;;72;;78;;73;;65;;67;;73;;95;;73;;74;;93;;58;;85;;82;;37;;104;;88;;;;88;;67;;75;;62;;40;;66;68;55;72;70;66;85;50;65;65;60;;;;;;;68;;84;
;Kräuter Deckung (%);1;;50;;45;;70;;30;;28;;30;;50;;25;;40;;40;;20;;70;;25;;30;;70;;2;;60;;65;;16;;40;;35;;45;;40;;60;;40;;45;;46;;35;;55;;46;;45;;90;;40;;40;;60;;40;;63;;;;45;;60;;65;;60;;95;;25;30;35;35;25;30;39;45;50;27;55;39;;60;;43;;40;;35;
;Kräuter Höhe (cm);25;;26;;21;;18;;25;;25;;93;;30;;10;;16;;58;;45;;40;;45;;90;;62;;17;;25;;16;;18;;40;;70;;32;;48;;35;;40;;35;;26;;26;;25;;38;;16;;40;;25;;30;;60;;92;;110;;;;32;;29;;30;;10;;24;;15;18;18;40;17;25;20;60;62;25;30;;;;;;;72;;;
;MW Kräuter Höhe (cm);;14,3;;16,8;;15,4;;9,2;;15;;12,7;;39,4;;13,8;;7,5;;11,5;;35,9;;24,8;;37,5;;9,6;;30,8;;23,3;;14,5;;10,9;;12;;22,5;;13,3;;26,7;;15,7;;17;;12;;17,8;;20,7;;11,6;;14,6;;12;;15,8;;12;;26,8;;19,5;;19,8;;32,6;;32,8;;27,4;;#DIV/0!;;25,7;;12,9;;23,8;;10,3;;24;;;;;;;;;;;;;;;;;;;;;
;Felsen Deckung;;;;;1;;1;;;;;;;;;;;;;;;;;;;;;;;;;;;;;;;;;;;;;;;;;;;;2;;;;;;;;10;;;;;;;;;;;;;;;;;;;;;;;;;;;;;;0;0;;;;;;;;;;;;;;;;;;;
;Wasser Deckung;;;;;;;;;;;;;;;;;;;;;;;;;;;1;;;;;;;;;;;;;;;;;;;;;;;;;;;;;;;;;;;;;;;;;;;;;;;;;;;;;;;;;;0;;0;;0;0;;;;;;;;;;;;;;;;;;;
;Baumschicht (%);;;;;;;;;;;;;;;;;;;;;;;;;;;;;;;;;;;;;;;;;;;;;;;;;;;;;;;;;;;;;;;;;;;;;;;;;;;75;;;;;;;;;;0;;0;;0;0;0;0;0;0;0;0;0;0;0;0;;0;;0;;0;;0;
;Baumschicht (Höhe);;;;;;;;;;;;;;;;;;;;;;;;;;;;;;;;;;;;;;;;;;;;;;;;;;;;;;;;;;;;;;;;;;;;;;;;;;;10;;;;;;;;;;0;;0;;0;0;0;0;0;0;0;0;0;0;0;0;;0;;0;;0;;0;
;;Cov.;Höhe min/max;Cov.;Höhe min/max;Cov.;Höhe min/max;Cov.;Höhe min/max;Cov.;Höhe min/max;Cov.;Höhe min/max;Cov.;Höhe min/max;Cov.;Höhe min/max;Cov.;Höhe min/max;Cov.;Höhe min/max;Cov.;Höhe min/max;Cov.;Höhe min/max;Cov.;Höhe min/max;Cov.;Höhe min/max;Cov.;Höhe min/max;Cov.;Höhe min/max;Cov.;Höhe min/max;Cov.;Höhe min/max;Cov.;Höhe min/max;Cov.;Höhe min/max;Cov.;Höhe min/max;Cov.;Höhe min/max;Cov.;Höhe min/max;Cov.;Höhe min/max;Cov.;Höhe min/max;Cov.;Höhe min/max;Cov.;Höhe min/max;Cov.;Höhe min/max;Cov.;Höhe min/max;Cov.;Höhe min/max;Cov.;Höhe min/max;Cov.;Höhe min/max;Cov.;Höhe min/max;Cov.;Höhe min/max;Cov.;Höhe min/max;Cov.;Höhe min/max;Cov.;Höhe min/max;Cov.;Höhe min/max;Cov.;Höhe min/max;Cov.;Höhe min/max;Cov.;Höhe min/max;Cov.;Höhe min/max;Cov.;Höhe min/max;Cov.;Höhe min/max;Cov.;Cov.;Cov.;Cov.;Cov.;Cov.;Cov.;Cov.;Cov.;Cov.;Cov.;Cov.;Höhe min/max;Cov.;Höhe min/max;Cov.;Höhe min/max;Cov.;Höhe min/max;Cov.;Höhe min/max
g;Agrostis capillaris;0,1;7;22;70;0,5;50;10;40;13;50;58;70;5;65;5;55;2;40;12;50;10;95;10;60;0,1;40;;;10;70;10;47;;;20;44;5;35;10;68;25;40;13;60;25;43;17;55;14;45;15;40;15;49;20;45;15;55;10;48;8;58;16;49;7;58;3;52;10;40;15;70;;;;;;;14;60;15;45;11;48;5;25;;;;;;;;;;;;;;12;41;3;40;15;41;10;38;7;44
g;Agrostis canina;;;;;;;;;;;;;;;;;;;;;10;70;;;;;10;9;10;80;;;;;;;;;;;;;;;;;;;;;;;;;;;;;;;;;;;;;;;;;5;50;5;57;5;65;;;;;;;;;;;;;3;3;3;10;25;20;15;4;10;1;1;;;;;;;;;;
g;Anthoxanthum odoratum;;;;;;;;;;;;;;;;;;;;;;;;;;;;;;;;;;;;;;;;;;;;;;;;;;;;;;;;;;;;;;;;;;;;;;;;;20;58;;;;;;;;;;;;;;;2;3;;1;;5;5;;3;2;3;;;;;;;;;;
g;Calamagrostis villosa;;;;;;;;;;;;;;;;;;;;;0,5;82;;;;;;;;;;;;;;;;;;;;;;;;;;;;;;;;;;;;;;;;;;;;;;;;;;;;;;;;;;;;;;;;;;;;;;;;;;;;;;;;;;;;;;;
g;Carex brizoides ;99;40;0,1;17;;;;;;;;;;;;;;;;;0,1;40;;;;;;;;;;;98;40;;;;;;;;;0,1;20;;;;;;;;;;;;;;;;;;;;;;;;;;;;;;;2;34;;;;;;;;;;;;;;;;30;;;;;;;;;;;;;;;;;
g;Carex demissa;;;;;;;;;;;;;;;;;;;;;;;;;;;;;;;;;;;;;;;;;;;;;;;;;;;;;;;;;;;;;;;;;;;;;;;;;;;;;;;;;;;;;;;;;;;;;;;;;;;;;;;;;;;;;
g;Carex echinata;;;;;;;;;;;;;0,1;38;;;;;;;;;;;;;;;;;;;;;;;;;;;;;;;;;;;;;;;;;;;;;;;;;;;;;;;;;0,1;40;;;2;28;;;;;;;;;;;;;0,5;0,5;;;;;;;;;;;;;;;;;;;
g;Carex flava agg.;;;;;;;;;;;;;;;;;;;;;[0,1];;;;;;;;;;;;;;;;;;;;;;;;;;;;;;;;;;;;;;;;;;;;;;;;;;;;0,1;25;;;;;;;;;;;;;;;;;;;;;;;;;0,5;;;;;;;;;;
g;Carex flava s.str.;;;;;;;;;;;;;;;;;;;;;;;;;;;;;;;;;;;;;;;;;;;;;;;;;;;;;;;;;;;;;;;;;;;;;;;;;;;;;;;;;;;;;;;;;;;;;;;;;;0,5;;;;;;;;;;;
g;Carex leporina;;;;;0,5;50;;;;;0,1;34;;;;;;;;;0,5;46;;;;;;;0,5;36;0,5;30;;;0,1;14;0,1;7;0,1;35;;;0,5;45;0,1;14;0,1;28;;;1;25;0,5;15;;;;;;;0,1;21;0,1;7;;;1;22;;;;;;;;;;;;;2;27;0,1;11;;;;;;;;;5;;;;;;;3;18;;;;;0,5;32;10;30
g;Carex nigra;;;;;0,1;15;;;;;3;25;18;60;30;25;;;3;39;0,5;37;;;;;;;30;45;7;23;;;1;9;18;20;1;28;;;;;;;;;;;;;;;;;;;;;;;16;18;3;40;;;;;10;45;20;47;;;;;20;27;;;;;;;0,1;30;11;3;20;2;30;10;10;;;;1;;;;;;;3;17;;
g;Carex pallescens;;;;;;;;;;;;;;;;;;;;;;;3;62;;;;;;;;;;;;;;;;;;;;;;;;;;;;;;;;;;;;;;;;;;;;;1;52;;;;;;;;;;;;;;;;;;;;;;;;;;;;;;;;0,5;26;0,1;23;1;42;;
g;Carex panicea;;;;;;;;;;;;;3;45;;;;;;;;;;;;;;;1;32;;;;;;;;;;;;;;;;;;;;;;;;;;;;;;;;;;;;;;;;;;;20;25;;;;;;;;;;;;;;;9;2;15;3;1;;10;40;25;40;;;;;;;;;;;
g;Carex pilulifera;;;;;;;1;10;1;12;;;;;;;20;10;;;;;;;;;;;;;;;;;;;;;;;;;0,1;15;;;;;0,1;10;;;;;;;;;;;;;;;;;;;;;;;;;;;;;;;1;11;0,5;22;;;;;;;;;;;;;;;;;;;;;;;;;
g;Carex rostrata;;;;;;;;;;;;;18;40;;;;;;;;;;;;;;;;;;;;;;;;;;;;;;;;;;;;;;;;;;;;;;;;;;;;;;;;;;;;;;;;;;;;;;;;;;;1;8;;;;5;10;;;;;;;;;;;;;;
g;Dactylis glomerata;;;;;;;;;;;;;;;;;;;;;;;;;;;;;;;;;;;;;;;;;0,1;20;4;95;2;31;5;75;0,1;25;0,5;15;0,1;66;0,1;19;0,5;87;;;2;74;;;;;;;;;;;;;;;;;;;;;;;;;;;;;;;;;;;;;;0,1;15;0,5;71;0,1;74;0,2;60;;
g;Deschampsia cespitosa;;;;;;;;;;;6;90;5;93;1;77;;;;;3;100;40;115;;;5;43;;;1;109;;;2;75;;;;;;;;;;;;;;;;;;;;;20;95;;;;;;;;;;;;;0,5;97;;;8;88;;;;;0,1;11;;;;;;;;;;;;;0,5;;;;;;;;;;;;;;
g;Deschampsia flexuosa;;;0,1;90;0,1;75;;;;;;;;;;;3;45;;;;;;;;;;;;;;;;;;;;;;;;;;;0,1;20;;;;;;;;;;;;;;;;;1;55;0,1;58;2;85;;;;;;;;;;;7;88;;;;;10;62;0,1;40;;;;;;;;;;;;;;;;;;;;;
g;Eriophorum angustifolium;;;;;;;;;;;;;18;38;;;;;;;;;;;;;;;;;;;;;;;;;;;;;;;;;;;;;;;;;;;;;;;;;;;;;;;;;3;35;1;30;;;;;;;;;;;;;;;1;1;1;;;0,5;0,5;;;5;20;;;;;;;;;;
g;Festuca rubra;;;22;90;50;95;9;70;13;65;30;90;3;75;7;70;2;65;14;75;2;80;1;55;;;;;10;90;10;64;;;16;50;2;67;3;68;20;70;12;77;15;72;17;77;15;73;25;65;30;67;25;73;20;75;20;73;8;69;16;73;0,1;25;2;70;10;82;;;5;104;;;;;5;83;12;67;12;75;20;20;;;1;5;1;2;5;5;1;0,5;;1;3;15;73;18;72;25;74;17;68;20;84
g;Festuca rubra nicrescens;;;;;;;;;;;;;;;;;;;;;;;;;;;;;;;;;;;;;;;;;;;;;;;;;;;;;;;;;;;;;;;;;;;;;;;;;;;;;;;;;;;;;;;;;;;;;;;;;;;;;;;;;;;;;
g;Glyceria fluitans;;;;;;;;;;;;;;;;;;;;;0,5;90;;;;;10;65;;;;;;;;;;;;;;;;;;;;;;;;;;;;;;;;;;;;;;;;;;;;;;;0,5;55;;;;;;;;;;;;;;;;;;;;;;;;;;;;;;;;;
g;Holcus mollis;;;;;;;5;52;13;55;;;;;;;;;;;;;;;;;;;;;;;;;;;;;;;;;;;;;;;0,5;21;;;;;;;;;;;19;72;;;;;;;;;;;;;;;;;;;;;;;;;;;;;;;;;;;;;0,5;;;;;;;;;;
g;Juncus articulatus;;;;;;;;;;;;;;;;;;;;;0,5;37;;;;;;;;;;;;;;;;;;;;;;;;;;;;;;;;;;;;;;;;;;;;;;;;;;;;;;;;;;;;;;;;;;;;;;;;0,1;;;;;;;;;;;;;;;
g;Juncus bulbosus;;;;;;;;;;;;;;;;;;;;;;;;;;;0,1;2;;;;;;;;;;;;;;;;;;;;;;;;;;;;;;;;;;;;;;;;;;;;;;;;;;;;;;;;;;;;;;;;;;;;;;;;;;;;;;;;;
g;Juncus effusus;;;;;;;;;;;;;0,1;40;2;70;;;;;40;90;21;50;;;;;20;60;0,5;43;;;;;;;;;;;15;60;;;;;;;;;;;;;;;;;;;;;;;;;;;5;55;1;55;1;80;;;0,1;33;;;0,1;62;;;;;16;;1;12;1;;4;1;;;1;;;;;;;;;;
g;Juncus filiformis;;;;;;;;;;;;;;;;;;;;;;;;;;;;;0,1;34;;;;;;;;;;;;;;;;;;;;;;;;;;;;;;;;;;;;;;;;;;;;;;;;;;;;;;;;;;;;;;;3;;;;;;;;;;;;;;;;
g;Juncus tenuis;;;;;;;;;;;;;;;;;;;;;;;;;;;;;;;;;;;;;;;;;;;;;;;;;;;;;;;;;;;;;;;;;;;;;;;;;;;;;;;;;;;;;;;;;;;;;;;;;;;;;;;;;;;;;
g;Luzula campestris;;;;;;;;;;;;;;;;;;;;;;;;;;;;;;;;;;;;;;;;;;;;;;;;;;;;;;;;;;;;;;;;;;;;;;;;;;;;;;;;;;;;;;;;;;;;;;;;;;;;;;;;;;;;;
g;Luzula multiflora;;;;;;;;;;;;;;;;;0,1;20;;;;;;;;;;;;;0,1;37;;;;;;;0,1;24;;;;;;;;;;;;;0,5;26;;;;;;;;;;;;;;;1;36;;;;;;;;;;;;;0,5;47;;;;;;0,5;;;;0,1;;;;1;;0,5;30;1;36;1;37;;;;
g;Luzula sylvatica;;;;;;;;;;;;;;;;;;;;;;;;;;;;;;;;;;;;;;;;;;;;;;;;;;;;;;;;;;;;;;;;;;;;;;;;;;;;;;;;;;;;;;;;;;;;;;;;;;;;;;;;;;;;;
g;Nardus stricta;;;;;;;0,1;10;;;;;;;;;20;40;35;35;;;;;;;;;0,5;33;;;;;0,5;12;;;76;50;;;;;;;;;;;4;29;;;;;;;;;;;2;43;;;52;50;50;40;;;0,1;27;;;;;;;;;18;43;;;;;1;40;20;;;25;5;;15;20;12;;;;;;;;;;
g;Phleum pratense;;;;;;;;;;;;;;;;;;;;;;;;;;;;;;;;;;;;;;;;;2;88;0,5;55;0,1;38;0,1;78;;;;;;;0,1;50;;;;;;;;;;;;;;;;;;;;;;;;;;;;;;;;;;;;;;;;;;;;0,1;37;2;60;5;54;5;51;0,1;46
g;Poa humilis;;;;;;;;;;;;;;;;;;;;;;;;;;;;;;;;;;;;;;;;;;;;;;;;;;;;;;;;;;;;;;;;;;;;;;;;;;;;;;;;;;;;;;;;;;;;;;;;;;;;;;;;;;;;;
g;Poa pratensis s.str.;;;0,5;32;;;;;;;;;;;;;;;;;;;;;;;;;;;;;;;;;;;;;3;26;10;33;10;34;;;0,5;30;;;;;;;;;;;;;;;;;;;;;;;;;;;;;;;;;;;;;;;;;;;;;;;;;;0,1;16;0,1;42;0,5;29;0,2;32;0,5;27
g;Poa trivialis;;;;;;;;;;;;;;;;;;;;;;;;;;;;;;;;;;;;;;;;;;;;;;;;;;;;;;;;;;;;;;;;;;;;;;;;;;;;;;;;;;;;;;;;;;;;;;;;;;;;;;;;;;;;;
g;Poa supina;;;;;;;;;;;;;3;48;5;35;;;;;5;60;5;60;;;;;;;0,5;45;;;0,5;21;;;;;;;;;;;0,5;27;;;0,5;25;3;21;5;32;5;24;0,5;32;;;0,5;26;;;;;5;33;2;32;;;;;;;;;0,5;23;;;;;;;;;;;;;;;;;;;;;;;;;;;
g;Trisetum flavescens;;;;;;;;;;;;;;;;;;;;;;;;;;;;;;;;;;;;;;;;;;;;;;;;;;;;;;;;;;;;;;;;;;;;;;;;;;;;;;;;;;;;;;;;;;;;;;;;;;;;;;;;;;;;;
b;Acer pseudaplatanus;;;;;;;;;;;;;;;0,5;30;;;;;;;;;;;;;;;;;;;;;;;;;;;;;;;;;;;;;;;0,1;5;;;5;25;0,1;9;0,1;5;0,5;17;0,1;5;;;;;;;;;;;;;;;;;;;;;;;;;;;;;;;;;;;;;;;;;
b;Betula pendula juv.;;;;;;;;;;;;;;;;;;;;;;;;;;;;;;;;;;;;;;;;;;;;;;;;;;;;;;;;;;;;;;;;;;;;;;;;;;;;;;;;;;;;;;;;;;;;;;;;;;;;;;;;;;;;;
b;Fagus sylvatica juv.;;;;;;;;;;;;;;;;;;;;;;;;;;;;;;;;;;;;;;;;;;;;;;;;;;;;;;;;;;;;;;;;;;;;;;;;;;;0,5;50;;;;;;;;;;;;;;;;;;;;;;;;;;;;;;;;;
b;Picea abies B;;;;;;;;;;;;;;;;;;;;;;;;;;;;;;;;;;;;;;;;;;;;;;;;;;;;;;;;;;;;;;;;;;;;;;;;;;;75;1000;;;;;;;;;;;;;;;;;;;;;;;;;;;;;;;;;
b;Picea abies juv.;;;;;;;;;;;;;;;;;;;;;;;;;;;0,1;3;;;;;;;;;;;;;;;;;;;;;;;;;;;;;;;0,1;25;;;;;;;;;;;;;0,1;5;1;87;;;;;;;;;;;;;;;;;;;;;;;;;;;;;;;;;
b;Sorbus aucuparia;;;;;;;;;;;;;;;;;;;;;;;;;;;;;;;;;;;;;;;;;;;;;;;;;;;;;;;;;;;;;;;;;;;;;;;;;;;;;;;;;;;;;;;;;;;;;;;;;;;;;;;;;;;;;
k;Achillea millefolium;;;;;;;;;;;;;;;;;;;;;;;;;;;;;;;;;;;;;;;;;;;;;;;1;24;0,5;12;;;;;;;;;;;1;12;;;;;;;;;;;;;;;;;;;;;;;;;;;;;;;;;;;;;;;;;;1;13;0,1;16;;
k;Aegopodium podagraria ;;;;;;;;;;;;;;;;;;;;;;;;;;;;;;;;;;;;;;;;;;;;;;;;;;;;;;;;;;;;;;;;;;;;;;;;;;;;;;;;;;;;;;;;;;;;;;;;;;;;;;;;;;;8;;
k;Ajuga reptans;;;;;;;;;;;;;;;;;;;;;;;;;;;;;0,5;6;;;;;;;;;;;;;;;;;;;;;;;;;;;;;;;;;;;;;;;;;;;;;;;;;;;;;;;;;;;;;1;1;5;;;;;;;;;;;;;;;;
k;Alchemilla monticola;;;;;;;;;;;;;;;;;;;;;;;;;;;;;;;;;;;;;;;;;0,5;4;;;0,5;6;10;4;1;5;3;5;0,5;4;0,5;5;;;;;;;;;;;;;;;;;;;;;;;;;;;;;;;;;;;;;;;;;;;;0,1;1,5;0,5;7;1;8;;;;
k;Alchemilla vulgaris;;;;;;;;;;;;;;;;;;;;;4;26;0,5;20;;;;;;;;;;;;;;;;;;;;;;;;;;;;;;;;;;;;;;;;;;;;;;;;;;;;;;;;;;;;;;;;;;;;;;;;;;;;;;;;;;;;;
k;Anemone nemorosa;;;;;;;;;;;;;0,1;12;;;;;0,1;3;;;;;;;;;;;;;;;;;;;;;;;;;;;;;;;;;;;;;;;;;;;;;;;;;;;;;;;;;;;;;;;;;;;;;;;;;;;;;;;;0,5;4;0,1;4;;;0,5;6;0,1;4
k;Antriscus sylvestris;;;;;;;;;;;;;;;;;;;;;;;;;;;;;;;;;;;;;;;;;;;;;;;;;;;;;;;;;;;;;;;;;;;;;;;;;;;;;;;;;;;;;;;;;;;;;;;;;;;;;;0,5;14;;;0,5;23;;
k;Athyrium filix-femina;;;;;;;;;;;;;;;;;;;;;;;;;;;;;;;;;;;;;;;;;;;;;;;;;;;;;;;;;;;;;;;;;;;;;;;;;;;2;60;;;;;;;;;;;;;;;;;;;;;;;;;;;;;;;;;
k;Bistorta officinalis;;;;;;;;;;;;;;;;;;;;;;;;;;;;;;;;;;;;;;;;;;;;;;;;;;;;;;;;;;;;;;;;;;;;;;;;;;;;;;;;;;;;;;;;;;;;;;;;;;;;;;;;;;;;;
k;Caltha palustris ;;;;;;;;;;;;;;;;;;;;;20;31;;;;;9;14;8;17;;;;;;;;;;;;;;;;;;;;;;;;;;;;;;;;;;;;;;;;;15;23;;;20;22;;;;;;;;;;;;;1;0,5;1;5;5;2;3;1;2;;;;;;;;;;;;
k;Campanula rotundifolia;;;;;;;;;;;;;;;;;;;;;;;;;;;;;;;;;;;;;;;;;;;;;;;;;;;;;;;;;;;;;;;;;;;;;;;;;;;;;;;;;;;;;;;;;;;;;;;;;;;;;;;;;;;;;
k;Cardamine amara;;;;;;;;;;;;;;;;;;;;;;;;;;;;;;;;;;;;;;;;;;;;;;;;;;;;;;;;;;;;;;;;;;;;;;;;;;;0,5;3;;;;;;;;;;;;;;;;;;0,1;;;;;;;;;;;;;;;
k;Cardamine pratensis;;;;;;;;;;;;;;;;;;;;;;;;;;;;;;;;;;;;;;;;;;;;;;;;;;;;;;;;;;;;;;;;;;;;;;;;;;;;;;;;;;;;;;;;;;;;;;;;;0,1;;;;;;;;;;;;
k;Callitriche palustris agg.;;;;;;;;;;;;;;;;;;;;;;;;;;;0,1;1;;;;;;;;;;;;;;;;;;;;;;;;;;;;;;;;;;;;;;;;;;;;;;;;;;;;;;;;;;;;;;;;;;;;;;;;;;;;;;;;;
k;Cerastium holosteoides;;;;;;;;;;;;;;;;;;;;;;;0,1;32;;;;;;;;;;;;;;;;;;;;;;;;;;;;;;;;;;;;;;;;;;;;;;;;;;;;;;;;;;;;;;;;;;;;;;;;;;;;;;;;;;;;;
k;Chaerophyllum hirsutum;;;;;;;;;;;;;;;;;;;;;7;38;;;;;1;14;;;;;;;;;;;;;;;;;;;;;;;;;;;;;;;;;;;;;;;;;;;9;27;;;5;55;;;;;;;;;;;;;;;;5;;0,5;;;;;;;;;;;;;;;
k;Chrysosplenium alternifolium;;;;;;;;;;;;;;;;;;;;;;;;;;;;;;;;;;;;;;;;;;;;;;;;;;;;;;;;;;;;;;;;;;;;;;;;;;;;;;;;;;;;;;;;;;;;;;;;;;;;;;;;;;;;;
k;Chrysosplenium oppositifolium;;;;;;;;;;;;;;;;;;;;;;;;;;;0,1;2;;;;;;;;;;;;;;;;;;;;;;;;;;;;;;;;;;;;;;;;;;;;;;;1;4;;;;;;;;;;;;;;;;;;;;;;;;;;;;;;;;;
k;Circaea alpina;;;;;;;;;;;;;;;;;;;;;;;;;;;;;;;;;;;;;;;;;;;;;;;;;;;;;;;;;;;;;;;;;;;;;;;;;;;1;4;;;;;;;;;;;;;;;;;;;;;;;;;;;;;;;;;
k;Cirsium palustre;;;;;;;;;;;;;13;105;1;13;;;;;1;37;;;;;;;0,1;90;10;62;;;;;;;;;;;;;;;;;;;;;;;;;;;;;;;;;;;;;;;0,5;27;2;92;;;;;;;;;;;;;;;0,5;0,1;0,1;;;0,5;;0,1;0,5;0,5;;;;;;;;;;;
k;Crepis mollis;;;;;;;;;;;;;;;;;;;;;;;;;;;;;;;;;;;;;;;;;;;;;;;;;;;;;;;;;;;;;;;;;;;;;;;;;;;;;;;;;;;;;;;;;;;;;;;;;;;;;;;;;;;;;
k;Crepis paludosa;;;;;;;;;;;;;;;;;;;;;0,1;24;;;;;0,1;45;;;;;;;;;;;;;;;;;;;;;;;;;;;;;;;;;;;;;;;;;;;;;;;;;;;;;;;;;;;;;;;;;;;1;;;;;;;;;;;;;;
k;Dactylorhiz fuchsii;;;;;;;;;;;;;;;;;;;;;;;;;;;;;0,5;49;0,1;43;;;;;;;;;;;;;;;;;;;;;;;;;;;;;;;;;;;;;;;;;0,1;35;;;;;;;;;;;;;;;;;0,5;;0,5;[0,1];;;;0,5;0,5;;;;;;;;;;
k;Dryopteris spec.;;;;;;;;;;;;;;;;;;;;;;;;;;;;;;;;;;;;;;;;;;;;;;;;;;;;;;;;;;;;;;;;;;;;;;;;;;;3;26;;;;;;;;;;;;;;;;;;;;;;;;;;;;;;;;;
k;Epilobium montanum;;;;;;;;;;;;;;;;;;;;;;;;;;;;;;;;;;;;;;;;;;;;;;;;;;;;;;;;;;;;;;;;;;;;;;;;;;;0,1;26;;;;;;;;;;;;;;;;;;;;;;;;;;;;;;;;;
k;Epilobium palustre;0,1;10;;;;;;;;;;;0,5;40;;;;;;;;;;;;;;;0,1;36;;;;;;;;;;;;;;;;;;;;;;;;;;;;;;;;;;;;;;;;;0,5;43;0,5;32;;;;;;;;;;;;;;;;;;0,5;;0,1;0,5;0,5;;;;;;;;;;;;;
k;Equisetum sylvaticum;;;;;;;;;;;;;0,1;25;;;;;;;;;;;;;0,1;9;1;26;10;24;;;;;;;;;;;;;;;;;;;;;;;;;;;;;;;;;;;;;;;4;32;1;33;5;45;;;;;;;;;;;;;0,1;;0,5;;0,5;0,5;5;0,5;0,5;0,5;1;;;;;;;;;;
k;Ficaria verna;;;;;;;;;;;;;;;;;;;;;;;;;;;;;;;;;;;;;;;;;;;;;;;;;;;;;;;;;;;;;;;;;;;;;;;;;;;;;;;;;;;;;;;;;;;;;;;;;;;;;;;;;;;;;
k;Fragaria vesca;;;;;;;;;;;;;;;;;;;;;;;;;;;;;;;;;;;;;;;;;;;;;;;0,5;5;;;;;;;;;;;;;;;;;;;;;;;;;;;;;;;;;;;;;;;;;;;;;;;;;;;;;;;;;;;;;
k;Galeopsis tetrahit;;;;;0,5;16;;;;;;;5;29;0,1;17;;;0,1;16;0,5;58;0,1;16;;;;;0,1;25;;;0,1;12;1;9;;;1;18;;;;;0,1;5;;;;;0,1;8;;;0,1;8;0,1;5;;;0,1;7;;;;;;;;;1;37;0,5;18;0,5;10;;;;;0,1;11;0,5;14;;;;;;;;;;;;0,1;0,1;;;;;;;;;;;0,1;2
k;Galium palustre;;;;;;;;;;;;;;;;;;;;;1;34;;;;;0,5;1;1;32;;;;;;;;;;;;;;;;;;;;;;;;;;;;;;;;;;;;;;;;;1;33;;;2;28;;;;;;;;;;;;;0,5;0,5;0,5;0,5;;;0,1;0,1;;;;;;;;;;;;;
k;Galium saxatile;0,5;20;45;22;40;18;40;12;25;5;26;25;5;20;30;14;23;9;33;15;;;2;18;;;;;;;30;15;;;58;13;63;16;5;17;15;15;15;20;33;11;1;10;30;12;23;10;25;17;42;10;26;15;40;16;23;8;42;16;20;5;30;14;30;21;;;;;;;;;20;15;40;10;30;30;50;8;;;;;;;1;0,1;;;;;;18;17;2;11;30;21;1;19;20;16
k;Galium uliginosum;;;;;;;;;;;;;;;;;;;;;0,1;32;;;;;;;;;;;;;;;;;;;;;;;;;;;;;;;;;;;;;;;;;;;;;;;;;;;1;32;;;;;;;;;;;;;;;;;;0,1;;0,1;;0,5;0,5;;;;;;;;;;;;
k;Geranium sylvaticum;;;;;;;;;;;;;;;;;;;;;;;;;;;;;;;;;;;;;;;;;;;;;;;;;;;;;;;;;;;;;;;;;;;;;;;;;;;;;;;;;;;;;;;;;;;;;;;;;;;;0,5;13;20;28;10;29;7;32;;
k;Glechoma hederacea;;;;;;;;;;;;;;;;;;;;;;;;;;;;;;;;;;;;;;;;;;;;;;;;;;;;;;;;;;;;;;;;;;;;;;;;;;;;;;;;;;;;;;;;;;;;;;;;;;;;;;;;;;;;;
k;Heracleum sphondylium;;;;;;;;;;;;;;;;;;;;;;;;;;;;;;;;;;;;;;;;;;;;;;;;;;;;;;;;;;;;;;;;;;;;;;;;;;;;;;;;;;;;;;;;;;;;;;;;;;;;;;;;;;;;;
k;Hieracium lachenalii;;;;;;;;;;;;;;;;;;;;;;;;;;;;;;;;;;;;;;;;;;;;;0,1;27;;;;;;;;;;;;;;;;;;;;;;;;;;;;;;;;;;;;;;;;;;;;;;;;;;;;;;;;;;;;;;;
k;Hieracium lactucella;;;;;;;;;;;;;;;;;;;;;;;;;;;;;;;;;;;;;;;;;;;;;;;;;;;;;;;;;;;;;;;;;;;;;;;;;;;;;;;;;;;;;;;;;;;;;;;;;;;;;;;;;;;;;
k;Homogyne alpina;;;;;;;;;;;;;;;;;;;;;;;;;;;;;;;;;;;;;;;;;;;;;;;;;;;;;;;;;;;;;;;;;;;;;;;;;;;;;;;;;;;;;;;;;;;;;;;;;;;;;;;;;;;;;
k;Hypericum maculatum;;;;;;;;;;;;;;;;;;;;;0,5;40;0,5;32;;;;;0,1;30;15;34;;;0,1;25;;;;;20;40;16;40;5;32;25;48;25;35;2;40;3;35;1;18;0,5;19;;;10;38;;;;;;;1;30;20;44;;;;;;;;;3;29;;;;;;;;;;;0,1;;;;;;;20;36;25;38;5;33;20;39;0,5;21
k;Impatiens glandulifera;;;;;;;;;;;;;;;;;;;;;;;;;;;;;;;;;;;;;;;;;;;;;;;;;;;;;;;;;;;;;;;;;;;;;;;;;;;;;;;;;;;;;;;;;;;;;;;;;;;;;;;;;;;;;
k;Lychnis flos-cuculi;;;;;;;;;;;;;;;;;;;;;;;;;;;;;0,5;60;;;;;;;;;;;;;;;;;;;;;;;;;;;;;;;;;;;;;;;;;;;2;59;;;;;;;;;;;;;;;2;5;;5;3;3;1;1;1;;;;;;;;;;;;
k;Lysimachia nemorum;;;;;;;;;;;;;;;;;;;;;;;;;;;9;8;;;;;;;;;;;;;;;;;;;;;;;;;;;;;;;;;;;;;;;;;;;;;;;;;;;;;;;;;;;;;;0,1;;;;;3;;;;;;;;;;;;;;
k;Lysimachia vulgaris;;;;;;;;;;;;;;;;;;;;;;;;;;;;;;;;;;;;;;;;;;;;;;;;;;;;;;;;;;;;;;;;;;;;;;;;;;;;;;;;;;;;;;;;;;;;;;;;;;;;;;;;;;;;;
k;Maianthemum bifolium;;;;;;;;;;;;;;;;;;;;;;;;;;;;;;;;;;;;;;;;;;;;;;;;;;;;;;;;;;;;;;;;;;;;;;;;;;;;;;;;;;;;;;;;;;;1;;;;;;;;;;;;;;;;;;
k;Mentha arvensis;;;;;;;;;;;;;;;;;;;;;;;;;;;;;;;;;;;;;;;;;;;;;;;;;;;;;;;;;;;;;;;;;;;;;;;;;;;;;;;;;;;;;;;;;;;;1;;;;;;;;;;;;;;;;;
k;Myosotis nemorosa;;;;;;;;;;;;;0,5;37;0,1;12;;;;;1;40;;;;;0,5;8;0,5;29;;;;;;;;;;;;;;;;;;;;;;;;;;;;;;;;;;;;;;;;;4;27;1;30;0,5;15;;;;;;;;;;;;;1;0,5;;0,5;;0,5;;0,5;1;0,5;0,1;;;;;;;;;;
k;Myosotis palustris;;;;;;;;;;;;;;;;;;;;;;;;;;;;;;;;;;;;;;;;;;;;;;;;;;;;;;;;;;;;;;;;;;;;;;;;;;;;;;;;;;;;;;;;;;;;;;;;;;;;;;;;;;;;;
k;Oxalis acetosella;;;;;;;;;;;;;;;;;;;;;;;;;;;0,1;1;;;;;;;;;;;;;;;;;;;;;;;;;;;;;;;;;;;;;;;;;;;;;;;;;;;;;;;;;;;;;;;;;;;;;;;;;;;;;;;;;
k;Pedicularis sylvatica;;;;;;;;;;;;;;;;;;;;;;;;;;;;;;;;;;;;;;;;;;;;;;;;;;;;;;;;;;;;;;;;;;;;;;;;;;;;;;;;;;;;;;;;;;;;;;;;;;;;;;;;;;;;;
k;Pinguicula vulgaris;;;;;;;;;;;;;;;;;;;;;;;;;;;;;;;;;;;;;;;;;;;;;;;;;;;;;;;;;;;;;;;;;;;;;;;;;;;;;;;;;;;;;;;;;;;;;;;;;;1;0,5;;;;;;;;;;
k;Plantago lanceolata;;;;;;;;;;;;;;;;;;;;;;;;;;;;;;;;;;;;;;;;;;;;;;;;;;;0,1;10;;;;;;;;;;;;;;;;;;;;;;;;;;;;;;;;;;;;;;;;;;;;;;;;;;;;;;;;;
k;Potentilla erecta;;;;;;;;;;;;;0,1;37;10;15;;;;;;;0,5;17;;;;;15;22;5;20;;;0,1;10;;;;;;;;;;;;;0,5;6;;;;;;;;;;;;;;;;;;;0,5;8;2;24;7;35;;;;;;;;;;;;;;;5;2;10;0,5;8;5;4;2;5;2;5;;;;;2;13;;;;
k;Prunella vulgaris;;;;;;;;;;;;;;;;;;;;;;;;;;;;;;;;;;;;;;;;;;;;;;;;;;;;;;;;;;;;;;;;;;;;;;;;;;;;;;;;;;;;;;;;;5;8;1;3;;0,5;;;;0,5;3;;;;;;;;;;
k;Ranunculus acris;0,1;25;;;0,1;7;;;;;;;;;;;;;;;0,1;34;;;;;;;0,5;24;0,1;13;;;;;;;;;1;31;0,5;8;0,1;9;1;31;0,5;9;1;40;0,5;27;0,5;8;;;;;;;;;;;;;;;0,5;39;;;;;;;;;;;;;;;;;;0,5;1;3;1;;;;;;;;;5;36;1;50;0,5;32;;
k;Ranunculus flammula;;;;;;;;;;;;;;;;;;;;;;;;;;;2;14;;;;;;;;;;;;;;;;;;;;;;;;;;;;;;;;;;;;;;;;;;;;;;;;;;;;;;;;;;;;;;;;;;;;;;;;;;;;;;;;;
k;Ranunculus repens;0,1;10;;;;;;;;;0,1;5;;;;;;;;;0,5;27;3;14;;;;;0,5;16;;;;;;;;;;;0,5;5;;;;;0,5;7;;;0,1;17;;;;;;;;;0,1;5;;;;;;;;;;;;;;;;;;;;;;;;;;;;;;0,5;;;;;;;;;;;;;;;;;
k;Rhinanthus minor;;;;;;;;;;;;;;;;;;;;;;;;;;;;;;;;;;;;;;;;;;;;;;;;;;;;;;;;;;;;;;;;;;;;;;;;;;;;;;;;;;;;;;;;;;;;;;;;;;;;;;;;;;;;;
k;Rubus idaeus;;;;;;;;;;;;;;;;;;;;;;;;;;;;;;;;;;;;;;;;;;;;;;;;;;;;;;;;;;;;;;;;;;;;;;;;;;;;;;;;;;;;;;;;;;;;;;;;;;;;;;;;;;;;;
k;Rubus idaeus (juv.);;;;;;;;;;;;;;;;;;;;;;;;;;;;;;;;;;;;;;;;;;;;;;;;;;;;;;;;;;;;;;;;;;;;;;;;;;;;;;;;;;;;;;;;;;;;;;;;;;;;;;;;;;;;;
k;Rumex acetosa;;;;;;;0,5;4;;;;;;;;;;;;;;;;;;;;;;;;;;;;;;;;;;;;;;;;;;;;;;;;;;;;;;;;;;;;;;;;;;;;;;;;;;;;;;;;;;;;;;;;;;;;;;;;;;;;;
k;Rumex acetosella;1;12;3;26;4;21;;;5;25;;;;;;;1;3;5;15;;;;;0,5;35;;;;;;;;;2;7;2;8;9;17;0,1;6;0,5;6;5;25;;;1;9;1;23;2;27;1;26;5;26;10;18;4;28;3;14;3;36;10;25;;;;;;;;;;;20;32;3;13;5;23;3;20;;;;;;;;;;;;;;0,5;21;;;;;;;12;23
k;Rumex arifolius;;;0,1;5;;;;;;;2;8;5;50;5;18;;;1;7;1;27;8;45;;;;;0,5;73;1;7;2;17;0,1;6;;;0,5;38;0,5;8;1;70;0,5;15;1;15;;;;;;;1;9;;;2;6;5;32;;;;;;;2;30;2;60;1;15;;;;;;;;;;;0,5;3;;;0,1;;0,1;1;0,5;;0,1;0,5;0,5;;;;;;;1;5;15;72;5;13
k;Rumex obtusifolius;;;;;;;;;;;;;;;;;;;;;2;82;;;;;;;;;;;;;;;;;;;;;;;;;;;;;;;;;;;;;;;;;;;;;;;;;;;;;;;;;;;;;;;;;;;;;;;;;;;;;;;;;;;;;;;
k;Senecio ovatus;;;;;;;;;;;;;;;;;;;;;;;0,5;34;;;;;;;;;;;;;;;;;;;;;;;;;;;;;;;;;;;;;;;;;;;;;;;;;;;4;110;;;;;;;;;;;;;;;;;;;;;;;;;;;;;;;;;
k;Senecio subalpinus;;;;;;;;;;;;;;;;;;;;;;;;;;;;;;;;;;;;;;;;;;;;;;;;;;;;;;;;;;;;;;;;;;;;;;;;;;;;;;;;;;;;;;;;;;;;;;;;40;40;;;;;;;;;;;;
k;Silene dioica;;;;;;;;;;;;;;;;;;;;;;;;;;;;;;;;;;;;;;;;;;;;;;;;;;;;;;;;;;;;;0,1;5;;;3;40;;;;;;;;;;;;;;;0,1;5;;;;;;;;;;;;;;;;;;;;;;0,1;7;;;;
k;Soldanella montana;;;;;;;;;;;;;;;;;;;;;;;;;;;;;;;;;;;;;;;;;;;;;;;;;;;;;;;;;;;;;;;;;;;;;;;;;;;0,5;6;;;;;;;;;;;;;;;;;;;;;;;;;;;;;;;;;
k;Stellaria alsine;;;;;;;;;;;;;;;;;;;;;;;;;;;0,1;6;;;;;;;;;;;;;;;;;;;;;;;;;;;;;;;;;;;;;;;;;;;;;;;;;;;;;0,5;12;;;;;;;;;;;;;;;;;;;;;;;;;;;
k;Stellaria graminea;;;;;;;;;;;;;;;;;;;;;;;;;;;;;;;;;;;0,5;10;;;;;;;;;;;;;;;;;;;;;;;;;;;;;;;;;;;;;;;;;;;;;;;;;;;;;;;;;;;;;;;;1;16;3;27;0,5;30;0,5;28;;
k;Stellaria nemorum;;;;;;;;;;;;;;;;;;;;;;;;;;;;;;;;;;;;;;;;;;;;;;;;;;;;;;;;;;;;;;;;;;;;;;;;;;;;;;;;;;;;;;;;;;;;;;;;;;;;;;;;;;;;;
k;Stellaria spec.;;;;;;;;;;;;;;;;;;;;;;;;;;;;;;;;;;;;;;;;;;;;;;;;;;;;;;;;;;;;;;;;;;;;;;;;;;;;;;;;;;;;;;;;;;;;;;;;;;;;;;;;;;;;;
k;Taraxacum officinale;;;;;;;;;;;;;;;;;;;;;;;;;;;;;;;;;;;;;;;;;;;;;;;0,1;15;;;;;;;;;;;;;;;;;;;;;;;;;;;;;;;;;;;;;;;;;;;;;;;;;;;;;;;;;;;;;
k;Tephroseris crispa;0,1;7;;;;;;;;;;;;;0,5;12;;;;;0,1;18;;;;;0,5;7;0,5;10;;;;;;;;;;;;;;;;;;;;;;;;;;;;;;;;;;;;;;;;;0,5;8;1;10;3;6;;;;;;;;;;;;;;0,5;;2;;3;3;;0,5;;1;;;;;;;;;;
k;Trifolium pratense;;;;;;;;;;;;;;;;;;;;;;;;;;;;;;;;;;;;;;;;;;;;;;;;;;;0,1;14;;;;;;;;;;;;;;;;;;;;;;;;;;;;;;;;;;;;;;;;;;;;;;;;;;;;;;;;;
k;Trifolium repens;;;;;;;;;;;;;;;;;;;;;;;;;;;;;;;;;;;;;;;;;1;5;0,1;15;;;;;;;;;;;;;;;;;;;;;;;;;;;;;;;;;;;;;;;;;;;;;;;;;;;;;;;;0,1;7;0,5;10;;;;;;
k;Urtica dioica ;;;;;;;;;;;;;;;;;;;;;;;;;;;;;;;;;;;;;;;;;;;;;;;;;;;;;;;;;;;;;;;;;;;;;;;;;;;;;;;;;;;;;;;;;;;;;;;;;;;;;;;;;;;;;
k;Vaccinicum myrtillus;;;;;;;28;18;;;;;;;;;;;;;;;;;65;40;;;;;;;;;;;;;;;;;;;;;;;;;;;;;;;;;;;;;;;64;26;;;;;;;;;20;38;;;5;30;3;23;35;28;1;10;95;24;;;;;;;;;;;;;;;;;;;;;
k;Vaccinium myrtillus S;;;;;;;;;;;;;;;;;;;;;;;;;;;;;;;;;;;;;;;;;;;;;;;;;;;;;;;;;;;;;;;;;;;;;;;;;;;;;;;;;;;;;;;;;;;;;;;;;;;;;;;;;;;;;
k;Vaccinium vitis-idea;;;;;;;;;;;;;;;;;;;;;;;;;;;;;;;;;;;;;;;;;;;;;;;;;;;;;;;;;;;;;;;;;;;;;;;;;;;;;;;;;;;;;;;;;;;;;;;;;;;;;;;;;;;;;
k;Valeriana dioica;;;;;;;;;;;;;;;;;;;;;;;;;;;;;0,1;8;;;;;;;;;;;;;;;;;;;;;;;;;;;;;;;;;;;;;;;;;;;;;;;;;;;;;;;;;;;2;7;12;10;;8;8;;;;0,5;;;;;;;;;;
k;Veronica beccabunga;;;;;;;;;;;;;;;;;;;;;;;;;;;;;;;;;;;;;;;;;;;;;;;;;;;;;;;;;;;;;;;;;;;;;;;;;;;;;;;;;;;;;;;;;;;;;;;;;;;;;;;;;;;;;
k;Veronica chamaedrys;0,5;25;2;14;1;15;1;8;;;;;;;0,5;15;1;10;1;13;2;54;2;20;;;;;0,1;23;0,5;7;;;1;7;;;;;1;6;2;28;2;11;2;11;5;8;10;11;5;14;1;9;3;8;1;8;3;7;1;6;;;;;;;;;;;;;;;;;1;8;;;;;;;;;;;1;;;;;;;3;17;7;20;5;21;5;20;0,5;22
k;Veronica scutellata;;;;;;;;;;;;;;;;;;;;;;;;;;;;;;;;;;;;;;;;;;;;;;;;;;;;;;;;;;;;;;;;;;;;;;;;;;;;;;;;;;;;;;;;;1;0,5;;;;;;;;;;10;14;;;;;;;;
k;Veronica officinalis;0,1;5;;;;;0,5;4;;;;;;;7;8;0,5;8;;;;;;;;;;;;;0,1;8;;;;;;;;;;;;;;;;;;;;;;;;;;;;;;;;;;;;;7;10;;;0,1;15;;;;;;;10;5;;;;;;;;;;;;;;;;;;;;4;15;;;0,1;13;;
k;Viola palustris;;;;;;;;;;;;;;;;;;;;;0,1;9;;;;;2;5;0,5;10;;;;;;;;;;;;;;;;;;;;;;;;;;;;;;;;;;;;;;;;;;;0,5;9;2;7;;;;;;;;;;;;;3;0,1;0,5;0,5;;;0,5;;0,1;0,1;0,1;;;;;;;;;;
k;Viola spec.;;;;;;;;;;;;;;;;;;;;;;;;;;;;;;;;;;;;;;;;;;;;;;;;;;;;;;;;;;;;;;;;;;;;;;;;;;;;;;;;;;;;;;;;;;;;;;;;;;;;;;0,2;5;;;;;;
k;Willemetia stipitata;;;;;;;;;;;;;;;;;;;;;;;;;;;;;;;;;;;;;;;;;;;;;;;;;;;;;;;;;;;;;;;;;;;;;;;;;30;44;;;;;;;;;;;;;;;5;8;7;;;5;10;;1;25;45;;;;;;;;;;
m;Sphagnum sec. ;;;;;;;;;;;;;;;;;;;;;;;;;;;;;;;;;;;;;;;;;;;;;;;;;;;;;;;;;;;;;;;;;;;;;;;;;1;3;15;5;;;;;;;;;;;;;;;;;;10;;;;;;;;;;;;;;;
m;Climatium dendroides;;;;;;;;;;;;;;;;;;;;;;;;;;;;;;;;;;;;;;;;;;;;;;;;;;;;;;;;;;;;;;;;;;;;;;;;;;;;;;;;;;;;;;;;;;20;;;;;;;;2;;;;;;;;;;;
m;Plagiomnium undulatum;;;;;;;;;;;;;;;;;;;;;;;;;;;;;;;;;;;;;;;;;;;;;;;;;;;;;;;;;;;;;;;;;;;;;;;;;;;;;;;;;;;;;;;;;;;;;;;;;;1;;;;;;;;;;;
m;Pellia epiphylla;;;;;;;;;;;;;;;;;;;;;;;;;;;;;;;;;;;;;;;;;;;;;;;;;;;;;;;;;;;;;;;;;;;;;;;;;;;;;;;;;;;;;;;;;;;;;;;;;;;;;;;;;;;;;
m;Rhytidiadelphus squarrosus;;;;;;;;;;;;;;;;;;;;;;;;;;;;;;;;;;;;;;;;;;;;;;;;;;;;;;;;;;;;;;;;;;;;;;;;;;;;;;;;;;;;;;;;;;;;;;;;;;;;;;;;;;;;;
;Anmerkung:;;;;;;;;;;;;;;;;;;;;;;;;;;;;;5 blühende Individuen von;;;;;;;;;;;;Evtl. nicht nur Poa pratensis;;Evtl. nicht nur Poa pratensis;;Evtl. nicht nur Poa pratensis;;;;Evtl. nicht nur Poa pratensis;;;;;;;;;;;;;;;;;;;;;;;;Raupe des Kleinen Nachtpfauenauges;;;;Komplettes Transekt gemäht;;;;;;;;;;;;Veronica scutellata mit ca. 10 Individuen;;Dactylorhiza fuchsii 3 Individuen;;;;;;;;;;;;;;;;;;
;;;;;;;;;;;;;;;;;;;;;;;;;;;;;;Daclyorhiza fuchsii;;;;;;;;;;;;Auch P. supina;;Auch P. supina;;Auch P. supina;;;;Auch P. supina;;;;;;;;;;;;;;;;;;;;;;;;;;;;;;;;;;;;;;;;;;;;;;;;;;;;;;;;;;;;
